{"stats":{"minecraft:broken":{"minecraft:stone_shovel":2},"minecraft:used":{"minecraft:stone_shovel":285,"minecraft:stone_pickaxe":52,"minecraft:wooden_pickaxe":25,"minecraft:dirt":278,"minecraft:crafting_table":4,"minecraft:white_bed":3,"minecraft:wooden_axe":19,"minecraft:stone_axe":69,"minecraft:cobblestone":12,"minecraft:furnace":2,"minecraft:cooked_beef":7},"minecraft:mined":{"minecraft:white_bed":2,"minecraft:crafting_table":2,"minecraft:cornflower":1,"minecraft:short_grass":30,"minecraft:grass_block":128,"minecraft:cobblestone":4,"minecraft:sugar_cane":1,"minecraft:oak_log":23,"minecraft:coal_ore":3,"minecraft:dirt":191,"minecraft:sand":1,"minecraft:stone":61,"minecraft:white_wool":1,"minecraft:oak_leaves":11},"minecraft:killed":{"minecraft:pig":5,"minecraft:sheep":8,"minecraft:cow":9},"minecraft:picked_up":{"minecraft:crafting_table":2,"minecraft:leather":13,"minecraft:filled_map":1,"minecraft:oak_log":21,"minecraft:cornflower":1,"minecraft:dirt":298,"minecraft:iron_leggings":1,"minecraft:wheat_seeds":3,"minecraft:beef":13,"minecraft:oak_boat":1,"minecraft:poppy":1,"minecraft:sugar_cane":2,"minecraft:iron_boots":1,"minecraft:egg":3,"minecraft:stick":2,"minecraft:sandstone":1,"minecraft:dandelion":5,"minecraft:porkchop":7,"minecraft:sand":5,"minecraft:white_bed":2,"minecraft:gray_wool":2,"minecraft:oak_sapling":3,"minecraft:mutton":12,"minecraft:coal":3,"minecraft:white_wool":7,"minecraft:cobblestone":66},"minecraft:crafted":{"minecraft:cooked_beef":13,"minecraft:oak_planks":84,"minecraft:stone_shovel":3,"minecraft:crafting_table":2,"minecraft:wooden_pickaxe":1,"minecraft:furnace":2,"minecraft:stone_axe":1,"minecraft:stick":12,"minecraft:stone_pickaxe":1,"minecraft:wooden_axe":1,"minecraft:white_bed":2},"minecraft:dropped":{"minecraft:sugar_cane":2,"minecraft:wheat_seeds":3,"minecraft:leather":9,"minecraft:white_bed":1,"minecraft:stone_pickaxe":1,"minecraft:white_wool":1},"minecraft:custom":{"minecraft:interact_with_furnace":8,"minecraft:mob_kills":22,"minecraft:interact_with_crafting_table":15,"minecraft:open_barrel":7,"minecraft:leave_game":1,"minecraft:time_since_death":94457,"minecraft:sleep_in_bed":5,"minecraft:time_since_rest":4166,"minecraft:sprint_one_cm":93474,"minecraft:damage_taken":615,"minecraft:walk_one_cm":211808,"minecraft:drop":17,"minecraft:damage_dealt":2277,"minecraft:swim_one_cm":4997,"minecraft:fly_one_cm":181482,"minecraft:open_chest":5,"minecraft:crouch_one_cm":19314,"minecraft:play_time":94457,"minecraft:sneak_time":4745,"minecraft:walk_under_water_one_cm":6128,"minecraft:boat_one_cm":349155,"minecraft:jump":1203,"minecraft:walk_on_water_one_cm":9001,"minecraft:total_world_time":94457,"minecraft:fall_one_cm":30554}},"DataVersion":3700}