{"stats":{"minecraft:broken":{"minecraft:stone_pickaxe":1,"minecraft:stone_shovel":1},"minecraft:used":{"minecraft:flint_and_steel":3,"minecraft:stone_shovel":129,"minecraft:stone_pickaxe":129,"minecraft:ender_pearl":1,"minecraft:chest":2,"minecraft:wooden_pickaxe":7,"minecraft:netherrack":4,"minecraft:white_wool":1,"minecraft:mossy_cobblestone":6,"minecraft:dirt":88,"minecraft:mutton":6,"minecraft:crafting_table":4,"minecraft:white_bed":2,"minecraft:redstone_torch":10,"minecraft:apple":2,"minecraft:bread":9,"minecraft:iron_helmet":1,"minecraft:iron_boots":1,"minecraft:stone_axe":23,"minecraft:cobblestone":1,"minecraft:beef":4,"minecraft:oak_sapling":4,"minecraft:cooked_porkchop":3,"minecraft:gold_block":21,"minecraft:oak_boat":4},"minecraft:mined":{"minecraft:white_bed":1,"minecraft:mossy_cobblestone":6,"minecraft:crafting_table":3,"minecraft:short_grass":1,"minecraft:grass_block":85,"minecraft:tall_grass":1,"minecraft:copper_ore":2,"minecraft:cobblestone":2,"minecraft:sandstone":2,"minecraft:birch_log":6,"minecraft:redstone_torch":1,"minecraft:fire":6,"minecraft:birch_leaves":2,"minecraft:oak_log":8,"minecraft:coal_ore":1,"minecraft:dirt":63,"minecraft:sand":6,"minecraft:stone":114,"minecraft:oak_leaves":4},"minecraft:killed":{"minecraft:pig":3,"minecraft:sheep":5,"minecraft:zombie":3,"minecraft:enderman":1,"minecraft:cow":2},"minecraft:picked_up":{"minecraft:birch_log":6,"minecraft:crafting_table":3,"minecraft:leather":12,"minecraft:filled_map":3,"minecraft:oak_log":8,"minecraft:dirt":159,"minecraft:raw_copper":8,"minecraft:wheat_seeds":3,"minecraft:beef":6,"minecraft:oak_boat":2,"minecraft:redstone_torch":1,"minecraft:sugar_cane":4,"minecraft:iron_boots":1,"minecraft:stick":4,"minecraft:sandstone":1,"minecraft:porkchop":6,"minecraft:sand":6,"minecraft:white_bed":2,"minecraft:grass_block":1,"minecraft:mossy_cobblestone":6,"minecraft:rotten_flesh":1,"minecraft:oak_sapling":4,"minecraft:mutton":7,"minecraft:coal":1,"minecraft:white_wool":5,"minecraft:cobblestone":115,"minecraft:ender_pearl":1},"minecraft:crafted":{"minecraft:oak_planks":32,"minecraft:stone_shovel":1,"minecraft:cooked_porkchop":5,"minecraft:crafting_table":1,"minecraft:wooden_pickaxe":1,"minecraft:birch_planks":24,"minecraft:stone_axe":1,"minecraft:oak_boat":2,"minecraft:stick":8,"minecraft:stone_pickaxe":1,"minecraft:chest":2},"minecraft:dropped":{"minecraft:iron_boots":2,"minecraft:filled_map":4,"minecraft:dirt":1,"minecraft:iron_leggings":1,"minecraft:wooden_pickaxe":1},"minecraft:custom":{"minecraft:interact_with_furnace":2,"minecraft:mob_kills":14,"minecraft:interact_with_crafting_table":10,"minecraft:open_barrel":12,"minecraft:leave_game":3,"minecraft:time_since_death":95318,"minecraft:sleep_in_bed":5,"minecraft:time_since_rest":4177,"minecraft:sprint_one_cm":195437,"minecraft:damage_taken":782,"minecraft:walk_one_cm":132241,"minecraft:drop":9,"minecraft:damage_dealt":1823,"minecraft:swim_one_cm":15078,"minecraft:fly_one_cm":255693,"minecraft:open_chest":7,"minecraft:crouch_one_cm":2392,"minecraft:play_time":95318,"minecraft:sneak_time":1264,"minecraft:walk_under_water_one_cm":3255,"minecraft:boat_one_cm":354124,"minecraft:jump":1336,"minecraft:walk_on_water_one_cm":22789,"minecraft:total_world_time":95318,"minecraft:fall_one_cm":32397}},"DataVersion":3700}